Designator,Mid X,Mid Y,Rotation,Layer
C1,307.99624,-140.754104,90.0,bottom
C10,300.65824,-144.106904,0.0,bottom
C11,300.65824,-142.836904,0.0,bottom
C12,312.13824,-158.907904,135.0,bottom
C13,307.73824,-159.377904,45.0,bottom
C14,300.58824,-129.407904,0.0,bottom
C15,310.59324,-136.706904,180.0,bottom
C16,298.68824,-140.607904,0.0,bottom
C17,259.035334,-141.312314,270.0,bottom
C18,245.91,-149.746904,315.0,bottom
C19,247.84,-149.629411,315.0,bottom
C2,305.68824,-154.007904,270.0,bottom
C20,257.325,-147.5,270.0,bottom
C21,258.525,-146.94,270.0,bottom
C22,258.05,-150.029411,225.0,bottom
C3,303.93224,-141.790304,90.0,bottom
C4,306.98824,-140.757904,90.0,bottom
C5,302.91624,-141.790304,90.0,bottom
C6,313.20324,-144.487904,180.0,bottom
C7,300.27724,-149.186904,0.0,bottom
C8,313.20324,-149.313904,180.0,bottom
C9,306.93824,-154.007904,270.0,bottom
D1,19.049984,-115.892872,90.0,bottom
D10,66.674944,-134.942856,90.0,bottom
D11,76.199936,-153.99284,90.0,bottom
D12,64.293734,-173.042872,90.0,bottom
D13,80.962448,-115.892872,90.0,bottom
D14,85.674944,-134.942856,90.0,bottom
D15,95.249936,-153.99284,90.0,bottom
D16,100.012448,-115.892872,90.0,bottom
D17,104.724944,-134.942856,90.0,bottom
D18,114.299936,-153.99284,90.0,bottom
D19,104.774984,-173.042872,90.0,bottom
D2,21.431232,-134.942856,90.0,bottom
D20,119.062448,-115.892872,90.0,bottom
D21,123.774944,-134.942856,90.0,bottom
D22,133.349936,-153.99284,90.0,bottom
D23,138.112448,-115.892872,90.0,bottom
D24,142.824944,-134.942856,90.0,bottom
D25,152.399936,-153.99284,90.0,bottom
D26,161.924984,-173.042872,90.0,bottom
D27,157.162448,-115.892872,90.0,bottom
D28,161.874944,-134.942856,90.0,bottom
D29,171.449936,-153.99284,90.0,bottom
D3,26.193728,-153.99284,90.0,bottom
D30,176.212448,-115.892872,90.0,bottom
D31,180.924944,-134.942856,90.0,bottom
D32,190.499936,-153.99284,90.0,bottom
D33,202.406234,-173.042872,90.0,bottom
D34,195.262448,-115.892872,90.0,bottom
D35,200.024944,-134.942856,90.0,bottom
D36,209.549936,-153.99284,90.0,bottom
D37,214.312448,-115.892872,90.0,bottom
D38,219.024944,-134.942856,90.0,bottom
D39,228.649936,-153.99284,90.0,bottom
D4,16.668734,-173.042872,90.0,bottom
D40,226.186984,-173.042872,90.0,bottom
D41,233.362448,-115.892872,90.0,bottom
D42,238.074944,-134.942856,90.0,bottom
D43,250.031234,-173.042872,90.0,bottom
D44,252.412448,-115.892872,90.0,bottom
D45,269.081024,-134.942856,90.0,bottom
D46,276.224984,-173.042872,90.0,bottom
D47,276.224768,-115.892872,90.0,bottom
D48,309.81224,-114.299904,180.0,bottom
D49,267.96,-157.98,90.0,bottom
D5,42.862464,-115.892872,90.0,bottom
D50,336.946592,-115.892872,90.0,bottom
D51,336.946592,-134.942856,90.0,bottom
D52,336.946592,-153.99284,90.0,bottom
D53,336.946592,-173.042872,90.0,bottom
D54,339.32784,-115.892872,90.0,bottom
D55,339.32784,-134.942856,90.0,bottom
D56,339.32784,-153.99284,90.0,bottom
D57,339.32784,-173.042872,90.0,bottom
D58,357.187184,-115.892872,90.0,bottom
D59,357.187184,-134.942856,90.0,bottom
D6,47.62496,-134.942856,90.0,bottom
D60,357.237184,-153.99284,90.0,bottom
D61,357.187484,-173.042872,90.0,bottom
D62,376.237184,-115.892872,90.0,bottom
D63,376.237184,-134.942856,90.0,bottom
D64,376.237184,-153.99284,90.0,bottom
D65,376.237484,-173.042872,90.0,bottom
D7,58.173936,-153.99284,90.0,bottom
D8,40.481234,-173.042872,90.0,bottom
D9,61.912448,-115.892872,90.0,bottom
J2,309.81224,-170.129904,0.0,bottom
J7,312.94,-128.547904,90.0,bottom
LED1,317.44824,-155.857904,90.0,bottom
Q1,303.81824,-128.317904,90.0,bottom
R1,305.96424,-141.792904,270.0,bottom
R10,246.996268,-143.22033,225.0,bottom
R11,249.188299,-143.22033,225.0,bottom
R12,251.38033,-143.22033,225.0,bottom
R13,253.85,-142.27,270.0,bottom
R14,255.45,-142.27,270.0,bottom
R15,257.05,-142.27,270.0,bottom
R16,257.4,-155.546904,90.0,bottom
R17,255.8,-155.546904,90.0,bottom
R18,254.2,-155.546904,90.0,bottom
R19,252.6,-155.546904,90.0,bottom
R2,304.94824,-141.790304,270.0,bottom
R20,251.0,-155.546904,90.0,bottom
R21,249.4,-155.546904,90.0,bottom
R22,247.8,-155.546904,90.0,bottom
R23,246.2,-155.546904,90.0,bottom
R24,244.6,-155.546904,90.0,bottom
R25,308.09,-154.68,90.0,bottom
R26,317.45324,-135.631904,0.0,bottom
R27,317.45324,-136.631904,180.0,bottom
R28,258.2,-152.88,225.0,bottom
R3,304.63824,-155.907904,90.0,bottom
R6,316.93824,-153.617904,180.0,bottom
R7,240.420175,-143.22033,225.0,bottom
R8,242.612206,-143.22033,225.0,bottom
R9,244.804237,-143.22033,225.0,bottom
RGB1,28.574976,-119.360056,0.0,bottom
RGB10,76.199936,-138.41004,0.0,bottom
RGB11,85.724928,-157.460024,0.0,bottom
RGB12,73.818688,-176.510008,0.0,bottom
RGB13,90.487424,-119.360056,0.0,bottom
RGB14,95.24992,-138.41004,0.0,bottom
RGB15,104.774912,-157.460024,0.0,bottom
RGB16,114.299904,-176.510008,0.0,bottom
RGB17,123.824896,-157.460024,0.0,bottom
RGB18,114.3,-138.41004,0.0,bottom
RGB19,109.537408,-119.360056,0.0,bottom
RGB2,30.956224,-138.41004,0.0,bottom
RGB20,128.587392,-119.360056,0.0,bottom
RGB21,133.349888,-138.41004,0.0,bottom
RGB22,142.87488,-157.460024,0.0,bottom
RGB23,147.637376,-119.360056,0.0,bottom
RGB24,152.399872,-138.41004,0.0,bottom
RGB25,161.924864,-157.460024,0.0,bottom
RGB26,171.449856,-176.510008,0.0,bottom
RGB27,180.974848,-157.460024,0.0,bottom
RGB28,171.449856,-138.41004,0.0,bottom
RGB29,166.68736,-119.360056,0.0,bottom
RGB3,35.71872,-157.460024,0.0,bottom
RGB30,185.737344,-119.360056,0.0,bottom
RGB31,190.49984,-138.41004,0.0,bottom
RGB32,200.024832,-157.460024,0.0,bottom
RGB33,204.787328,-119.360056,0.0,bottom
RGB34,209.549824,-138.41004,0.0,bottom
RGB35,219.074816,-157.460024,0.0,bottom
RGB36,211.931072,-176.510008,0.0,bottom
RGB37,235.6945,-176.510008,0.0,bottom
RGB38,238.1248,-157.460024,0.0,bottom
RGB39,228.599808,-138.41004,0.0,bottom
RGB4,26.193728,-176.510008,0.0,bottom
RGB40,223.837312,-119.360056,0.0,bottom
RGB41,242.887296,-119.360056,0.0,bottom
RGB42,247.649792,-138.41004,0.0,bottom
RGB43,261.93728,-119.360056,0.0,bottom
RGB44,259.53875,-176.510008,0.0,bottom
RGB45,285.74976,-176.510008,0.0,bottom
RGB46,273.805556,-157.460024,0.0,bottom
RGB47,278.606016,-138.41004,0.0,bottom
RGB48,285.74976,-119.360056,0.0,bottom
RGB49,328.612224,-119.360056,0.0,bottom
RGB5,50.006208,-176.510008,0.0,bottom
RGB50,328.612224,-138.41004,0.0,bottom
RGB51,328.612224,-157.460024,0.0,bottom
RGB52,328.612224,-176.510008,0.0,bottom
RGB53,347.662208,-119.360056,0.0,bottom
RGB54,347.662208,-138.41004,0.0,bottom
RGB55,347.662208,-157.460024,0.0,bottom
RGB56,347.662208,-176.510008,0.0,bottom
RGB57,366.712192,-176.510008,0.0,bottom
RGB58,366.712192,-157.460024,0.0,bottom
RGB59,366.712192,-138.41004,0.0,bottom
RGB6,66.674944,-157.460024,0.0,bottom
RGB60,366.712192,-119.360056,0.0,bottom
RGB61,385.762176,-119.360056,0.0,bottom
RGB62,385.762176,-138.41004,0.0,bottom
RGB63,385.762176,-157.460024,0.0,bottom
RGB64,385.762176,-176.510008,0.0,bottom
RGB7,57.103856,-138.41004,0.0,bottom
RGB8,52.387456,-119.360056,0.0,bottom
RGB9,71.43744,-119.360056,0.0,bottom
SW1,28.575,-114.3,0.0,bottom
SW10,76.2,-133.35,0.0,bottom
SW11,85.725,-152.4,0.0,bottom
SW12,73.81875,-171.45,0.0,bottom
SW13,90.4875,-114.3,0.0,bottom
SW14,95.25,-133.35,0.0,bottom
SW15,104.775,-152.4,0.0,bottom
SW16,109.5375,-114.3,0.0,bottom
SW17,114.3,-133.35,0.0,bottom
SW18,123.825,-152.4,0.0,bottom
SW19,114.3,-171.45,0.0,bottom
SW2,30.95625,-133.35,0.0,bottom
SW20,128.5875,-114.3,0.0,bottom
SW21,133.35,-133.35,0.0,bottom
SW22,142.875,-152.4,0.0,bottom
SW23,147.6375,-114.3,0.0,bottom
SW24,152.4,-133.35,0.0,bottom
SW25,161.925,-152.4,0.0,bottom
SW26,171.45,-171.45,0.0,bottom
SW27,166.6875,-114.3,0.0,bottom
SW28,171.45,-133.35,0.0,bottom
SW29,180.975,-152.4,0.0,bottom
SW3,35.71875,-152.4,0.0,bottom
SW30,185.7375,-114.3,0.0,bottom
SW31,190.5,-133.35,0.0,bottom
SW32,200.025,-152.4,0.0,bottom
SW33,211.93125,-171.45,0.0,bottom
SW34,204.7875,-114.3,0.0,bottom
SW35,209.55,-133.35,0.0,bottom
SW36,219.075,-152.4,0.0,bottom
SW37,223.8375,-114.3,0.0,bottom
SW38,228.6,-133.35,0.0,bottom
SW39,238.125,-152.4,0.0,bottom
SW4,26.19375,-171.45,0.0,bottom
SW40,235.712,-171.45,0.0,bottom
SW41,242.8875,-114.3,0.0,bottom
SW42,247.65,-133.35,0.0,bottom
SW43,259.55625,-171.45,0.0,bottom
SW44,261.9375,-114.3,0.0,bottom
SW45,278.60625,-133.35,0.0,bottom
SW46,285.75,-171.45,0.0,bottom
SW47,285.75,-114.3,0.0,bottom
SW48,273.823056,-152.399872,0.0,bottom
SW49,328.6125,-114.3,0.0,bottom
SW5,52.3875,-114.3,0.0,bottom
SW50,328.6125,-133.35,0.0,bottom
SW51,328.6125,-152.4,0.0,bottom
SW52,328.6125,-171.45,0.0,bottom
SW53,347.6625,-114.3,0.0,bottom
SW54,347.6625,-133.35,0.0,bottom
SW55,347.6625,-152.4,0.0,bottom
SW56,347.6625,-171.45,0.0,bottom
SW57,366.7125,-114.3,0.0,bottom
SW58,366.7125,-133.35,0.0,bottom
SW59,366.7125,-152.4,0.0,bottom
SW6,57.15,-133.35,0.0,bottom
SW60,366.7125,-171.45,0.0,bottom
SW61,385.7625,-114.3,0.0,bottom
SW62,385.7625,-133.35,0.0,bottom
SW63,385.7625,-152.4,0.0,bottom
SW64,385.7625,-171.45,0.0,bottom
SW65,293.63,-156.476904,90.0,top
SW66,312.28874,-162.807904,270.0,bottom
SW67,307.33574,-162.807904,90.0,bottom
SW68,309.56224,-114.299904,0.0,top
SW7,66.675,-152.4,0.0,bottom
SW8,50.00625,-171.45,0.0,bottom
SW9,71.4375,-114.3,0.0,bottom
U1,306.98,-147.916904,90.0,bottom
U2,313.71324,-140.107904,270.0,bottom
U3,300.58824,-135.007904,90.0,bottom
U4,253.85,-149.29,270.0,bottom
Y1,309.98824,-157.657904,135.0,bottom
